-- UP
-- Association
INSERT INTO `association` (`loginAsso`, `mdpAsso`, `nom`, `adresse`, `mail`, `tel`, `siteWeb`) VALUES ('001', 'cmmdp', 'Les Resto du Coeur', '55 rue Voltaire', 'restoducoeur@wanadoo.com', '0122334455', 'restoducoeur.org');
INSERT INTO `association` (`loginAsso`, `mdpAsso`, `nom`, `adresse`, `mail`, `tel`, `siteWeb`) VALUES ('002', 'PeaceAndLove', 'GreenPeace', '15 rue du Champs de Bataille', 'greenpeace@hotmail.com', '0123456789', 'greenpeace.fr');
INSERT INTO `association` (`loginAsso`, `mdpAsso`, `nom`, `adresse`, `mail`, `tel`, `siteWeb`) VALUES ('003', 'ImHungry', 'Action contre la Faim', '2 boulevard de la Famine', 'actioncontrelafaim@hotmail.com', '0122344566', 'actioncontrelafaim.fr');
INSERT INTO `association` (`loginAsso`, `mdpAsso`, `nom`, `adresse`, `mail`, `tel`, `siteWeb`) VALUES ('004', 'Engager', 'France Volontaire', '11 rue LouisXI', 'francevolontaire@gmail.com', '0198765432', 'francevolontaire.fr');
INSERT INTO `association` (`loginAsso`, `mdpAsso`, `nom`, `adresse`, `mail`, `tel`, `siteWeb`) VALUES ('005', 'nonCpaslECE', 'Ingenieurs sans frontieres', '1 quai de Grenelle', 'ingenieurssansfrontieres@gmail.com', '0198765431', 'ingenieurssansfrontieres.fr');
INSERT INTO `association` (`loginAsso`, `mdpAsso`, `nom`, `adresse`, `mail`, `tel`, `siteWeb`) VALUES ('006', 'skeleton', 'Kinesithérapeute du monde', '22 avenue du cimetiere', 'kinesitherapeutedumonde@hotmail.com', '0111111111', 'kinesitherapeutedumonde.org');
INSERT INTO `association` (`loginAsso`, `mdpAsso`, `nom`, `adresse`, `mail`, `tel`, `siteWeb`) VALUES ('007', 'WorldHospital', 'Medecins sans frontieres', '1 Place de lhopital ','medecinssansfrontieres@gmail.com', '0122222222', 'medecinssansfrontieres.org');
INSERT INTO `association` (`loginAsso`, `mdpAsso`, `nom`, `adresse`, `mail`, `tel`, `siteWeb`) VALUES ('008', 'LaMaisonQuiBrule', 'Pompiers Humanitaires Francais', '1 rue Mendocino', 'pompiershumanitairesfrancais@outlook.com', '0188558855', 'pompiershumanitairesfrancais.fr');
INSERT INTO `association` (`loginAsso`, `mdpAsso`, `nom`, `adresse`, `mail`, `tel`, `siteWeb`) VALUES ('009', 'JesuisMalaaaaaaadddeeeee', 'Solidarite Sida', '4 rue des sorcières', 'solidaritesida@hotmail.com', '0166699966', 'solidaritesida.org');

-- Citoyen
INSERT INTO `citoyen` (`loginCitoyen`, `mdpCitoyen`, `nom`, `prenom`, `mail`, `adresse`, `tel`, `situation`, `permis`) VALUES ('0001', 'jaiInventeLEcole', 'Carolingiens', 'Charlemagne', 'charleslegrand@carolingiens.fr', '28 boulevard d\'Aix', '0606060606', 'Empereur', '1');
INSERT INTO `citoyen` (`loginCitoyen`, `mdpCitoyen`, `nom`, `prenom`, `mail`, `adresse`, `tel`, `situation`, `permis`) VALUES ('0002', 'JeNeSuisPasPetit', 'Bonaparte', 'Napoleon', 'premierempire@jesuislemeilleur.fr', '1 boulevard des Italiens', '0611111111', 'Empereur', '1');
INSERT INTO `citoyen` (`loginCitoyen`, `mdpCitoyen`, `nom`, `prenom`, `mail`, `adresse`, `tel`, `situation`, `permis`) VALUES ('0003', 'noboby', 'someone', 'maybe', 'someone@gmail.fr', '2 Place de l\'eglise', '0100000000', 'Nothing', '0');
INSERT INTO `citoyen` (`loginCitoyen`, `mdpCitoyen`, `nom`, `prenom`, `mail`, `adresse`, `tel`, `situation`, `permis`) VALUES ('0004', 'ViveLaFinance', 'MACRON', 'Emmanuel', 'emmanuel.macron@hotmail.com', 'Palais de l\'Eysee', '01777777', 'Président de la république Francaise', '0');
INSERT INTO `citoyen` (`loginCitoyen`, `mdpCitoyen`, `nom`, `prenom`, `mail`, `adresse`, `tel`, `situation`, `permis`) VALUES ('0005', 'nobobyseeme', 'someone', 'maybe2', 'maybe.someone@gmail.com', '3 Place de l\'eglise', '01000001', 'Nothing', '0');
INSERT INTO `citoyen` (`loginCitoyen`, `mdpCitoyen`, `nom`, `prenom`, `mail`, `adresse`, `tel`, `situation`, `permis`) VALUES ('0006', 'FautToutBloquer', 'Jaune', 'Gilbert', 'gilbert-jaune@yolo.fr', '8 rue de la Bastille', '01010101', 'Chaumeur', '1');
INSERT INTO `citoyen` (`loginCitoyen`, `mdpCitoyen`, `nom`, `prenom`, `mail`, `adresse`, `tel`, `situation`, `permis`) VALUES ('0007', 'Normalman', 'ToutLeMonde', 'Jean-Michel', 'jean-michel.toutlemonde@outlook.com', '14 rue de classique', '0155748778', 'Fonctionnaire', '1');
INSERT INTO `citoyen` (`loginCitoyen`, `mdpCitoyen`, `nom`, `prenom`, `mail`, `adresse`, `tel`, `situation`, `permis`) VALUES ('0008', 'BluePower', 'SuperNana', 'Bulle', 'bulle-supernana@yolo.com', '11 rue des fées', '0654456677', 'Collegienne', '0');
INSERT INTO `citoyen` (`loginCitoyen`, `mdpCitoyen`, `nom`, `prenom`, `mail`, `adresse`, `tel`, `situation`, `permis`) VALUES ('0009', 'RedPower', 'SuperNana', 'Belle', 'belle-supernana@yolo.com', '11 rue des fées', '0654456678', 'Collegienne', '0');
INSERT INTO `citoyen` (`loginCitoyen`, `mdpCitoyen`, `nom`, `prenom`, `mail`, `adresse`, `tel`, `situation`, `permis`) VALUES ('0010', 'GreenPower', 'Doucet', 'Léa', 'lea.doucet@ygmail.com', '1 rue des freres Chausson', '0654456679', 'Ingénieur agronome', '0');
INSERT INTO `citoyen` (`loginCitoyen`, `mdpCitoyen`, `nom`, `prenom`, `mail`, `adresse`, `tel`, `situation`, `permis`) VALUES ('0011', 'Survivant', 'Potter', 'Harry', 'harry.potter@tutanota.com', '11 rue des fées', '0688669966', 'Auror', '0');
INSERT INTO `citoyen` (`loginCitoyen`, `mdpCitoyen`, `nom`, `prenom`, `mail`, `adresse`, `tel`, `situation`, `permis`) VALUES ('0012', 'FuturHokage', 'Uzumaki-Namikaze', 'Naruto', 'numeroneninja@gmail.com', '4 boulevard de Konoha', '0233223322', 'Auror', '0');
INSERT INTO `citoyen` (`loginCitoyen`, `mdpCitoyen`, `nom`, `prenom`, `mail`, `adresse`, `tel`, `situation`, `permis`) VALUES ('0013', 'dreamland', 'wonder', 'Alice', 'aliceinwonderland@wanadoo.com', '4 avenue des champs Elysee', '0133443322', 'Collegienne', '0');
INSERT INTO `citoyen` (`loginCitoyen`, `mdpCitoyen`, `nom`, `prenom`, `mail`, `adresse`, `tel`, `situation`, `permis`) VALUES ('0014', 'NomoreIdea', 'Dupond', 'Claude', 'claude.dupond@gmail.com', '89 rue de l\'Eglise', '0126622661', 'Auteur', '1');
INSERT INTO `citoyen` (`loginCitoyen`, `mdpCitoyen`, `nom`, `prenom`, `mail`, `adresse`, `tel`, `situation`, `permis`) VALUES ('0015', 'Excessif=Insignifiant', 'Talleyrant', 'Charles-Maurice', 'charles-maurice.talleyrand@gmail.com', '7 Place de la Loi', '0127722771', 'Eveque-Diplomate', '1');
INSERT INTO `citoyen` (`loginCitoyen`, `mdpCitoyen`, `nom`, `prenom`, `mail`, `adresse`, `tel`, `situation`, `permis`) VALUES ('0016', 'Devote', 'd\'Aubigné-De Maintenon', 'Francoise', 'francoise.aubigne@gmail.com', 'Chateau de Versaille', '0128822881', 'Marquise', '0');
INSERT INTO `citoyen` (`loginCitoyen`, `mdpCitoyen`, `nom`, `prenom`, `mail`, `adresse`, `tel`, `situation`, `permis`) VALUES ('0017', 'password', 'Chevallaire', 'Laurence', 'laurence.chevalaire@hotmail.com', '8 rue de la Concorde', '0129922991', 'Secrétaire', '1');
INSERT INTO `citoyen` (`loginCitoyen`, `mdpCitoyen`, `nom`, `prenom`, `mail`, `adresse`, `tel`, `situation`, `permis`) VALUES ('0018', 'password', 'De France', 'Marianne', 'mariianne_defrance@gmail.com', '2 Avenue de la Bastille', '0153355331', 'Femme au foyer', '0');
INSERT INTO `citoyen` (`loginCitoyen`, `mdpCitoyen`, `nom`, `prenom`, `mail`, `adresse`, `tel`, `situation`, `permis`) VALUES ('0019', 'password', 'Marquis', 'Alexandre', 'alexandre.marquis@gmail.com', 'Chemin des Reniers', '0128328381', 'Vendeur', '1');
INSERT INTO `citoyen` (`loginCitoyen`, `mdpCitoyen`, `nom`, `prenom`, `mail`, `adresse`, `tel`, `situation`, `permis`) VALUES ('0020', 'password', 'Lopez', 'Alexandre', 'alexandre.Lopez@gmail.com', '5 rue de Venise', '0129329391', 'Boucher', '1');

-- Compétence
INSERT INTO `competance` (`idCompetance`, `nom`, `description`, `loginCitoyen`) VALUES ('0001', 'Management', 'Gestion d\'une armée, d\'un pays, d\'un empire', '0002');
INSERT INTO `competance` (`idCompetance`, `nom`, `description`, `loginCitoyen`) VALUES ('0002', 'Manifester', 'Se plaindre - Foutre la merde - Faire les jolies pancarte - Chanter des slogan pourri', '006');
INSERT INTO `competance` (`idCompetance`, `nom`, `description`, `loginCitoyen`) VALUES ('0003', 'Leader', 'Admisnistrer, légiferer...', '001');
INSERT INTO `competance` (`idCompetance`, `nom`, `description`, `loginCitoyen`) VALUES ('0004', 'Clonage', 'Kage Bushin no jutsu', '0012');
INSERT INTO `competance` (`idCompetance`, `nom`, `description`, `loginCitoyen`) VALUES ('0005', 'Leader', 'Admisnistrer, légiferer...', '004');
INSERT INTO `competance` (`idCompetance`, `nom`, `description`, `loginCitoyen`) VALUES ('0006', 'Leader', 'Admisnistrer, légiferer...', '002');
INSERT INTO `competance` (`idCompetance`, `nom`, `description`, `loginCitoyen`) VALUES ('0007', 'Gestion', 'Admisnistrer, réguler...', '002');

-- Dispo citoyen
INSERT INTO `disponibilitecitoyen` (`recursif`, `tranche`, `dateDispo`, `loginCitoyen`) VALUES ('1', 'après-midi', '2019-02-05', '0001');
INSERT INTO `disponibilitecitoyen` (`recursif`, `tranche`, `dateDispo`, `loginCitoyen`) VALUES ('0', 'matin', '2019-02-02', '0001');
INSERT INTO `disponibilitecitoyen` (`recursif`, `tranche`, `dateDispo`, `loginCitoyen`) VALUES ('1', 'après-midi', '2019-02-03', '0002');
INSERT INTO `disponibilitecitoyen` (`recursif`, `tranche`, `dateDispo`, `loginCitoyen`) VALUES ('1', 'après-midi', '2019-02-09', '0003');
INSERT INTO `disponibilitecitoyen` (`recursif`, `tranche`, `dateDispo`, `loginCitoyen`) VALUES ('0', 'après-midi', '2019-02-19', '0004');
INSERT INTO `disponibilitecitoyen` (`recursif`, `tranche`, `dateDispo`, `loginCitoyen`) VALUES ('1', 'matin', '2019-01-30', '0005');
INSERT INTO `disponibilitecitoyen` (`recursif`, `tranche`, `dateDispo`, `loginCitoyen`) VALUES ('1', 'matin', '2019-01-01', '0006');
INSERT INTO `disponibilitecitoyen` (`recursif`, `tranche`, `dateDispo`, `loginCitoyen`) VALUES ('1', 'après-midi', '2019-03-01', '0007');
INSERT INTO `disponibilitecitoyen` (`recursif`, `tranche`, `dateDispo`, `loginCitoyen`) VALUES ('0', 'après-midi', '2019-02-25', '0008');
INSERT INTO `disponibilitecitoyen` (`recursif`, `tranche`, `dateDispo`, `loginCitoyen`) VALUES ('0', 'matin', '2019-01-30', '0009');
INSERT INTO `disponibilitecitoyen` (`recursif`, `tranche`, `dateDispo`, `loginCitoyen`) VALUES ('0', 'matin', '2019-02-01', '0010');
INSERT INTO `disponibilitecitoyen` (`recursif`, `tranche`, `dateDispo`, `loginCitoyen`) VALUES ('0', 'soir', '2019-02-04', '0011');
INSERT INTO `disponibilitecitoyen` (`recursif`, `tranche`, `dateDispo`, `loginCitoyen`) VALUES ('0', 'matin', '2019-03-12', '0012');
INSERT INTO `disponibilitecitoyen` (`recursif`, `tranche`, `dateDispo`, `loginCitoyen`) VALUES ('0', 'après-midi', '2019-03-12', '0012');
INSERT INTO `disponibilitecitoyen` (`recursif`, `tranche`, `dateDispo`, `loginCitoyen`) VALUES ('0', 'après-midi', '2019-02-18', '0013');
INSERT INTO `disponibilitecitoyen` (`recursif`, `tranche`, `dateDispo`, `loginCitoyen`) VALUES ('0', 'après-midi', '2019-03-30', '0014');

-- Document
INSERT INTO `document` (`idDocument`, `titre`, `lien`, `loginCitoyen`) VALUES ('0001', 'Lettre de mativation', 'Je ne paux pas choisir', '0001');
INSERT INTO `document` (`idDocument`, `titre`, `lien`, `loginCitoyen`) VALUES ('0002', 'CV', 'Mode d\emploi d\'un prise de pouvoir', '0002');
INSERT INTO `document` (`idDocument`, `titre`, `lien`, `loginCitoyen`) VALUES ('0003', 'Lettre de motivation', 'Les 10 raisons pour lesquelles président était insuffisant', '0002');
INSERT INTO `document` (`idDocument`, `titre`, `lien`, `loginCitoyen`) VALUES ('0004', 'CV', 'onelink', '0003');
INSERT INTO `document` (`idDocument`, `titre`, `lien`, `loginCitoyen`) VALUES ('0005', 'CV', 'secondlink', '0004');
INSERT INTO `document` (`idDocument`, `titre`, `lien`, `loginCitoyen`) VALUES ('0006', 'CV', 'onelink', '0005');
INSERT INTO `document` (`idDocument`, `titre`, `lien`, `loginCitoyen`) VALUES ('0007', 'CV', 'onelink', '0006');
INSERT INTO `document` (`idDocument`, `titre`, `lien`, `loginCitoyen`) VALUES ('0008', 'CV', 'onelink', '0007');
INSERT INTO `document` (`idDocument`, `titre`, `lien`, `loginCitoyen`) VALUES ('0009', 'CV', 'onelink', '0008');
INSERT INTO `document` (`idDocument`, `titre`, `lien`, `loginCitoyen`) VALUES ('0010', 'CV', 'onelink', '0009');
INSERT INTO `document` (`idDocument`, `titre`, `lien`, `loginCitoyen`) VALUES ('0011', 'CV', 'onelink', '0010');

-- Domaine d'intervention
INSERT INTO `domaineintervention` (`idDomaine`, `nom`, `loginCitoyen`) VALUES ('01', 'Enseignement', '0001');
INSERT INTO `domaineintervention` (`idDomaine`, `nom`, `loginCitoyen`) VALUES ('01', 'Enseignement', '0009');
INSERT INTO `domaineintervention` (`idDomaine`, `nom`, `loginCitoyen`) VALUES ('01', 'Enseignement', '0005');
INSERT INTO `domaineintervention` (`idDomaine`, `nom`, `loginCitoyen`) VALUES ('02', 'Manutention', '0006');
INSERT INTO `domaineintervention` (`idDomaine`, `nom`, `loginCitoyen`) VALUES ('02', 'Manutention', '0007');
INSERT INTO `domaineintervention` (`idDomaine`, `nom`, `loginCitoyen`) VALUES ('02', 'Manutention', '0011');
INSERT INTO `domaineintervention` (`idDomaine`, `nom`, `loginCitoyen`) VALUES ('03', '', '0011');

-- Mission 
INSERT INTO `mission` (`idMission`, `recursive`, `nbPersAtteindre`, `description`, `lieu`, `statut`, `loginAsso`) VALUES ('0001', '1', '2', 'Soutien scolaire', 'Collège Voltaire', 'en cours', '005');
INSERT INTO `mission` (`idMission`, `recursive`, `nbPersAtteindre`, `description`, `lieu`, `statut`, `loginAsso`) VALUES ('0002', '0', '1', 'Soutien scolaire', 'Lycée Renoir', 'en cours', '005');
INSERT INTO `mission` (`idMission`, `recursive`, `nbPersAtteindre`, `description`, `lieu`, `statut`, `loginAsso`) VALUES ('0003', '1', '10', 'Ramassage d\'ordure', 'Quai de Scene', 'en cours', '002');
INSERT INTO `mission` (`idMission`, `recursive`, `nbPersAtteindre`, `description`, `lieu`, `statut`, `loginAsso`) VALUES ('0004', '0', '1', 'J\'ai plus d\'idée', 'ECE Paris', 'en cours', '006');
INSERT INTO `mission` (`idMission`, `recursive`, `nbPersAtteindre`, `description`, `lieu`, `statut`, `loginAsso`) VALUES ('0005', '1', '4', 'Collect de nourriture', 'Place au marché', 'en cours', '006');
INSERT INTO `mission` (`idMission`, `recursive`, `nbPersAtteindre`, `description`, `lieu`, `statut`, `loginAsso`) VALUES ('0006', '0', '3', 'Collect de vetement', 'Place de lEglise', 'en attente', '001');
INSERT INTO `mission` (`idMission`, `recursive`, `nbPersAtteindre`, `description`, `lieu`, `statut`, `loginAsso`) VALUES ('0007', '0', '3', 'Collect de nourriture', 'Place au marché', 'en attente', '001');
INSERT INTO `mission` (`idMission`, `recursive`, `nbPersAtteindre`, `description`, `lieu`, `statut`, `loginAsso`) VALUES ('0008', '0', '4', 'Marraude feat UPA-ECE', 'Quai de Grenelle', 'en attente', '006');
INSERT INTO `mission` (`idMission`, `recursive`, `nbPersAtteindre`, `description`, `lieu`, `statut`, `loginAsso`) VALUES ('0009', '0', '10', 'Distribution sandwitch', 'Maison de mémé Marie', 'en attente', '003');
INSERT INTO `mission` (`idMission`, `recursive`, `nbPersAtteindre`, `description`, `lieu`, `statut`, `loginAsso`) VALUES ('0010', '0', '1', 'Installation d\'une salle sieste à l\'ECE', 'E3 à cote du local assos', 'en attente', '008');
INSERT INTO `mission` (`idMission`, `recursive`, `nbPersAtteindre`, `description`, `lieu`, `statut`, `loginAsso`) VALUES ('0011', '0', '5', 'Modele pour calendrier', 'Caserne de pompier', 'en attente', '008');
INSERT INTO `mission` (`idMission`, `recursive`, `nbPersAtteindre`, `description`, `lieu`, `statut`, `loginAsso`) VALUES ('0012', '0', '1', 'Trouver le One Piece', 'Raftel', 'en attente', '004');
INSERT INTO `mission` (`idMission`, `recursive`, `nbPersAtteindre`, `description`, `lieu`, `statut`, `loginAsso`) VALUES ('0013', '0', '3', 'Collecte de nourriture', 'en attente', '001');
INSERT INTO `mission` (`idMission`, `recursive`, `nbPersAtteindre`, `description`, `lieu`, `statut`, `loginAsso`) VALUES ('0014', '1', '7', 'Fabriquer un retourneur de temps', 'Poudlard', 'en attente', '005');
INSERT INTO `mission` (`idMission`, `recursive`, `nbPersAtteindre`, `description`, `lieu`, `statut`, `loginAsso`) VALUES ('0015', '1', '14', 'Soigner le cancer', 'American Hospital', 'en attente', '007');
INSERT INTO `mission` (`idMission`, `recursive`, `nbPersAtteindre`, `description`, `lieu`, `statut`, `loginAsso`) VALUES ('0016', '0', '1', 'Faire un vaccin contre le sida', 'Hopital militaire de Paris', 'en attente', '009');
INSERT INTO `mission` (`idMission`, `recursive`, `nbPersAtteindre`, `description`, `lieu`, `statut`, `loginAsso`) VALUES ('0017', '0', '1', 'No more idea', 'nowhere', 'en attente', '005');
INSERT INTO `mission` (`idMission`, `recursive`, `nbPersAtteindre`, `description`, `lieu`, `statut`, `loginAsso`) VALUES ('0018', '1', '1', 'Cultiver des champignons', 'Wonderland', 'en attente', '003');
INSERT INTO `mission` (`idMission`, `recursive`, `nbPersAtteindre`, `description`, `lieu`, `statut`, `loginAsso`) VALUES ('0019', '0', '1', 'Distribution gratuite de CAFE!!!!!!', 'ECE-Paris', 'en attente', '004');
INSERT INTO `mission` (`idMission`, `recursive`, `nbPersAtteindre`, `description`, `lieu`, `statut`, `loginAsso`) VALUES ('0020', '0', '1', 'Nothing', 'Nowhere', 'en attente', '004');
INSERT INTO `mission` (`idMission`, `recursive`, `nbPersAtteindre`, `description`, `lieu`, `statut`, `loginAsso`) VALUES ('0021', '0', '7', 'Don du sang', 'Hoptial Militaire', 'en attente', '007');
INSERT INTO `mission` (`idMission`, `recursive`, `nbPersAtteindre`, `description`, `lieu`, `statut`, `loginAsso`) VALUES ('0022', '0', '4', 'Soupe populaire', 'Place de la Mairie', 'en attente', '006');
INSERT INTO `mission` (`idMission`, `recursive`, `nbPersAtteindre`, `description`, `lieu`, `statut`, `loginAsso`) VALUES ('0023', '0', '4', 'Marraude feat UPA-ECE', 'Quai de Grenelle', 'en attente', '006');
INSERT INTO `mission` (`idMission`, `recursive`, `nbPersAtteindre`, `description`, `lieu`, `statut`, `loginAsso`) VALUES ('0024', '1', '4', 'Distribution préservatif', 'Partout', 'en attente', '009');
INSERT INTO `mission` (`idMission`, `recursive`, `nbPersAtteindre`, `description`, `lieu`, `statut`, `loginAsso`) VALUES ('0025', '1', '4', 'Prévention MST', 'Lycée Voltaire', 'en attente', '009');
INSERT INTO `mission` (`idMission`, `recursive`, `nbPersAtteindre`, `description`, `lieu`, `statut`, `loginAsso`) VALUES ('0026', '1', '2', 'Distribution Flyer', 'Place de la mairie', 'en attente', '009');
INSERT INTO `mission` (`idMission`, `recursive`, `nbPersAtteindre`, `description`, `lieu`, `statut`, `loginAsso`) VALUES ('0027', '1', '4', 'QQchose', 'Nullepart', 'en attente', '001');
INSERT INTO `mission` (`idMission`, `recursive`, `nbPersAtteindre`, `description`, `lieu`, `statut`, `loginAsso`) VALUES ('0028', '1', '4', 'Dépollution', 'Quai de Seine', 'en attente', '008');
INSERT INTO `mission` (`idMission`, `recursive`, `nbPersAtteindre`, `description`, `lieu`, `statut`, `loginAsso`) VALUES ('0029', '0', '3', 'Collecte de nourriture', 'en attente', '001');
INSERT INTO `mission` (`idMission`, `recursive`, `nbPersAtteindre`, `description`, `lieu`, `statut`, `loginAsso`) VALUES ('0030', '0', '3', 'Distribution de nourriture', 'en attente', '001');
INSERT INTO `mission` (`idMission`, `recursive`, `nbPersAtteindre`, `description`, `lieu`, `statut`, `loginAsso`) VALUES ('0031', '0', '3', 'Distribution de produit d\'hygiène', 'en attente', '009');
INSERT INTO `mission` (`idMission`, `recursive`, `nbPersAtteindre`, `description`, `lieu`, `statut`, `loginAsso`) VALUES ('0032', '0', '2', 'Distribution de vetement', 'en attente', '004');
INSERT INTO `mission` (`idMission`, `recursive`, `nbPersAtteindre`, `description`, `lieu`, `statut`, `loginAsso`) VALUES ('0033', '0', '1', 'Collecte de Fond', 'en attente', '003');
INSERT INTO `mission` (`idMission`, `recursive`, `nbPersAtteindre`, `description`, `lieu`, `statut`, `loginAsso`) VALUES ('0034', '0', '1', 'Collecte de Fond', 'en attente', '001');
INSERT INTO `mission` (`idMission`, `recursive`, `nbPersAtteindre`, `description`, `lieu`, `statut`, `loginAsso`) VALUES ('0035', '0', '1', 'Collecte de Fond', 'en attente', '009');

-- Date Mission
INSERT INTO `datemission` (`horraireDebut`, `horraireFin`, `dateMission`, `idMission`) VALUES ('15:30:00', '18:00:00', '2019-02-19', '0001');
INSERT INTO `datemission` (`horraireDebut`, `horraireFin`, `dateMission`, `idMission`) VALUES ('15:30:00', '18:00:00', '2019-03-01', '0002');
INSERT INTO `datemission` (`horraireDebut`, `horraireFin`, `dateMission`, `idMission`) VALUES ('10:30:00', '15:00:00', '2019-03-30', '0003');
INSERT INTO `datemission` (`horraireDebut`, `horraireFin`, `dateMission`, `idMission`) VALUES ('14:30:00', '17:00:00', '2019-02-25', '0004');
INSERT INTO `datemission` (`horraireDebut`, `horraireFin`, `dateMission`, `idMission`) VALUES ('11:00:00', '12:00:00', '2019-01-30', '0005');
INSERT INTO `datemission` (`horraireDebut`, `horraireFin`, `dateMission`, `idMission`) VALUES ('08:30:00', '10:00:00', '2019-02-01', '0006');
INSERT INTO `datemission` (`horraireDebut`, `horraireFin`, `dateMission`, `idMission`) VALUES ('14:15:00', '16:15:00', '2019-02-09', '0007');
INSERT INTO `datemission` (`horraireDebut`, `horraireFin`, `dateMission`, `idMission`) VALUES ('09:30:00', '12:00:00', '2019-02-05', '0008');
INSERT INTO `datemission` (`horraireDebut`, `horraireFin`, `dateMission`, `idMission`) VALUES ('18:00:00', '19:30:00', '2019-02-04', '0009');
INSERT INTO `datemission` (`horraireDebut`, `horraireFin`, `dateMission`, `idMission`) VALUES ('14:15:00', '16:15:00', '2019-02-10', '0010');
INSERT INTO `datemission` (`horraireDebut`, `horraireFin`, `dateMission`, `idMission`) VALUES ('10:30:00', '12:00:00', '2019-02-05', '0011');
INSERT INTO `datemission` (`horraireDebut`, `horraireFin`, `dateMission`, `idMission`) VALUES ('10:30:00', '14:00:00', '2019-03-12', '0012');
INSERT INTO `datemission` (`horraireDebut`, `horraireFin`, `dateMission`, `idMission`) VALUES ('14:30:00', '17:00:00', '2019-03-30', '0013');
INSERT INTO `datemission` (`horraireDebut`, `horraireFin`, `dateMission`, `idMission`) VALUES ('08:00:00', '11:30:00', '2019-03-10', '0014');
INSERT INTO `datemission` (`horraireDebut`, `horraireFin`, `dateMission`, `idMission`) VALUES ('16:30:00', '19:00:00', '2019-02-28', '0015');
INSERT INTO `datemission` (`horraireDebut`, `horraireFin`, `dateMission`, `idMission`) VALUES ('12:30:00', '15:00:00', '2019-03-05', '0016');
INSERT INTO `datemission` (`horraireDebut`, `horraireFin`, `dateMission`, `idMission`) VALUES ('15:30:00', '17:30:00', '2019-04-04', '0017');
INSERT INTO `datemission` (`horraireDebut`, `horraireFin`, `dateMission`, `idMission`) VALUES ('12:30:00', '15:00:00', '2019-02-22', '0018');
INSERT INTO `datemission` (`horraireDebut`, `horraireFin`, `dateMission`, `idMission`) VALUES ('15:30:00', '17:30:00', '2019-02-24', '0019');
INSERT INTO `datemission` (`horraireDebut`, `horraireFin`, `dateMission`, `idMission`) VALUES ('14:30:00', '15:18:00', '2019-02-18', '0020');
INSERT INTO `datemission` (`horraireDebut`, `horraireFin`, `dateMission`, `idMission`) VALUES ('15:30:00', '17:30:00', '2019-02-18', '0021');
INSERT INTO `datemission` (`horraireDebut`, `horraireFin`, `dateMission`, `idMission`) VALUES ('11:30:00', '13:00:00', '2019-02-14', '0022');
INSERT INTO `datemission` (`horraireDebut`, `horraireFin`, `dateMission`, `idMission`) VALUES ('15:30:00', '17:30:00', '2019-02-16', '0023');
INSERT INTO `datemission` (`horraireDebut`, `horraireFin`, `dateMission`, `idMission`) VALUES ('12:30:00', '15:00:00', '2019-03-22', '0024');
INSERT INTO `datemission` (`horraireDebut`, `horraireFin`, `dateMission`, `idMission`) VALUES ('15:30:00', '17:30:00', '2019-02-29', '0025');
INSERT INTO `datemission` (`horraireDebut`, `horraireFin`, `dateMission`, `idMission`) VALUES ('12:30:00', '15:00:00', '2019-03-12', '0026');
INSERT INTO `datemission` (`horraireDebut`, `horraireFin`, `dateMission`, `idMission`) VALUES ('15:30:00', '17:30:00', '2019-04-14', '0027');
INSERT INTO `datemission` (`horraireDebut`, `horraireFin`, `dateMission`, `idMission`) VALUES ('12:30:00', '15:00:00', '2019-05-02', '0028');
INSERT INTO `datemission` (`horraireDebut`, `horraireFin`, `dateMission`, `idMission`) VALUES ('15:30:00', '17:30:00', '2019-05-04', '0029');
INSERT INTO `datemission` (`horraireDebut`, `horraireFin`, `dateMission`, `idMission`) VALUES ('09:30:00', '11:30:00', '2019-05-03', '0030');
INSERT INTO `datemission` (`horraireDebut`, `horraireFin`, `dateMission`, `idMission`) VALUES ('15:30:00', '18:00:00', '2019-04-30', '0031');
INSERT INTO `datemission` (`horraireDebut`, `horraireFin`, `dateMission`, `idMission`) VALUES ('15:30:00', '18:00:00', '2019-04-18', '0032');
INSERT INTO `datemission` (`horraireDebut`, `horraireFin`, `dateMission`, `idMission`) VALUES ('10:30:00', '15:00:00', '2019-04-30', '0033');
INSERT INTO `datemission` (`horraireDebut`, `horraireFin`, `dateMission`, `idMission`) VALUES ('14:30:00', '17:00:00', '2019-04-30', '0034');
INSERT INTO `datemission` (`horraireDebut`, `horraireFin`, `dateMission`, `idMission`) VALUES ('11:00:00', '12:00:00', '2019-04-30', '0035');

-- Lien mission & citoyen
INSERT INTO `linkmissioncitoyen` (`idMission`, `loginCitoyen`) VALUES ('0001', '0001');
INSERT INTO `linkmissioncitoyen` (`idMission`, `loginCitoyen`) VALUES ('0009', '0001');
INSERT INTO `linkmissioncitoyen` (`idMission`, `loginCitoyen`) VALUES ('0010', '0002');
INSERT INTO `linkmissioncitoyen` (`idMission`, `loginCitoyen`) VALUES ('0019', '0002');
INSERT INTO `linkmissioncitoyen` (`idMission`, `loginCitoyen`) VALUES ('0007', '0003');
INSERT INTO `linkmissioncitoyen` (`idMission`, `loginCitoyen`) VALUES ('0023', '0003');
INSERT INTO `linkmissioncitoyen` (`idMission`, `loginCitoyen`) VALUES ('0003', '0003');
INSERT INTO `linkmissioncitoyen` (`idMission`, `loginCitoyen`) VALUES ('0010', '0004');
INSERT INTO `linkmissioncitoyen` (`idMission`, `loginCitoyen`) VALUES ('0001', '0005');
INSERT INTO `linkmissioncitoyen` (`idMission`, `loginCitoyen`) VALUES ('0010', '0005');
INSERT INTO `linkmissioncitoyen` (`idMission`, `loginCitoyen`) VALUES ('0008', '0006');
INSERT INTO `linkmissioncitoyen` (`idMission`, `loginCitoyen`) VALUES ('0011', '0006');
INSERT INTO `linkmissioncitoyen` (`idMission`, `loginCitoyen`) VALUES ('0002', '0007');
INSERT INTO `linkmissioncitoyen` (`idMission`, `loginCitoyen`) VALUES ('0024', '0007');
INSERT INTO `linkmissioncitoyen` (`idMission`, `loginCitoyen`) VALUES ('0004', '0008');
INSERT INTO `linkmissioncitoyen` (`idMission`, `loginCitoyen`) VALUES ('0005', '0009');
INSERT INTO `linkmissioncitoyen` (`idMission`, `loginCitoyen`) VALUES ('0006', '0010');
INSERT INTO `linkmissioncitoyen` (`idMission`, `loginCitoyen`) VALUES ('0009', '0011');
INSERT INTO `linkmissioncitoyen` (`idMission`, `loginCitoyen`) VALUES ('0012', '0012');
INSERT INTO `linkmissioncitoyen` (`idMission`, `loginCitoyen`) VALUES ('0020', '0013');
INSERT INTO `linkmissioncitoyen` (`idMission`, `loginCitoyen`) VALUES ('0013', '0014');

-- DOWN
DELETE FROM `linkmissioncitoyen`;
DELETE FROM `domaineintervention`;
DELETE FROM `document`;
DELETE FROM `datemission`;
DELETE FROM `competance`;
DELETE FROM `mission`;
DELETE FROM `disponibilitecitoyen`;
DELETE FROM `citoyen`;
DELETE FROM `association`;
