-- UP
-- Association
INSERT INTO `association` (`loginAsso`, `mdpAsso`, `nom`, `adresse`, `mail`, `tel`, `siteWeb`) VALUES ('001', 'cmmdp', 'Les Resto du Coeur', '55 rue Voltaire', 'restoducoeur@wanadoo.com', '0122334455', 'restoducoeur.org');
INSERT INTO `association` (`loginAsso`, `mdpAsso`, `nom`, `adresse`, `mail`, `tel`, `siteWeb`) VALUES ('002', 'PeaceAndLove', 'GreenPeace', '15 rue du Champs de Bataille', 'greenpeace@hotmail.com', '0123456789', 'greenpeace.fr');
INSERT INTO `association` (`loginAsso`, `mdpAsso`, `nom`, `adresse`, `mail`, `tel`, `siteWeb`) VALUES ('003', 'ImHungry', 'Action contre la Faim', '2 boulevard de la Famine', 'actioncontrelafaim@hotmail.com', '0122344566', 'actioncontrelafaim.fr');
INSERT INTO `association` (`loginAsso`, `mdpAsso`, `nom`, `adresse`, `mail`, `tel`, `siteWeb`) VALUES ('004', 'Engager', 'France Volontaire', '11 rue LouisXI', 'francevolontaire@gmail.com', '0198765432', 'francevolontaire.fr');
INSERT INTO `association` (`loginAsso`, `mdpAsso`, `nom`, `adresse`, `mail`, `tel`, `siteWeb`) VALUES ('005', 'nonCpaslECE', 'Ingenieurs sans frontieres', '1 quai de Grenelle', 'ingenieurssansfrontieres@gmail.com', '0198765431', 'ingenieurssansfrontieres.fr');
INSERT INTO `association` (`loginAsso`, `mdpAsso`, `nom`, `adresse`, `mail`, `tel`, `siteWeb`) VALUES ('006', 'skeleton', 'Kinesithérapeute du monde', '22 avenue du cimetiere', 'kinesitherapeutedumonde@hotmail.com', '0111111111', 'kinesitherapeutedumonde.org');
INSERT INTO `association` (`loginAsso`, `mdpAsso`, `nom`, `adresse`, `mail`, `tel`, `siteWeb`) VALUES ('007', 'WorldHospital', 'Medecins sans frontieres', '1 Place de lhopital ','medecinssansfrontieres@gmail.com', '0122222222', 'medecinssansfrontieres.org');
INSERT INTO `association` (`loginAsso`, `mdpAsso`, `nom`, `adresse`, `mail`, `tel`, `siteWeb`) VALUES ('008', 'LaMaisonQuiBrule', 'Pompiers Humanitaires Francais', '1 rue Mendocino', 'pompiershumanitairesfrancais@outlook.com', '0188558855', 'pompiershumanitairesfrancais.fr');
INSERT INTO `association` (`loginAsso`, `mdpAsso`, `nom`, `adresse`, `mail`, `tel`, `siteWeb`) VALUES ('009', 'JesuisMalaaaaaaadddeeeee', 'Solidarite Sida', '4 rue des sorcières', 'solidaritesida@hotmail.com', '0166699966', 'solidaritesida.org');

-- Citoyen
INSERT INTO `citoyen` (`loginCitoyen`, `mdpCitoyen`, `nom`, `prenom`, `adresse`, `tel`, `situation`, `permis`) VALUES ('charleslegrand@carolingiens.fr', 'jaiInventeLEcole', 'Carolingiens', 'Charlemagne', '28 boulevard d''Aix', '0606060606', '5', '1');
INSERT INTO `citoyen` (`loginCitoyen`, `mdpCitoyen`, `nom`, `prenom`, `adresse`, `tel`, `situation`, `permis`) VALUES ('premierempire@jesuislemeilleur.fr', 'JeNeSuisPasPetit', 'Bonaparte', 'Napoleon', '1 boulevard des Italiens', '0611111111', '5', '1');
INSERT INTO `citoyen` (`loginCitoyen`, `mdpCitoyen`, `nom`, `prenom`,`adresse`, `tel`, `situation`, `permis`) VALUES ('someone@gmail.fr', 'noboby', 'someone', 'maybe', '2 Place de leglise', '0100000000', '2', '0');
INSERT INTO `citoyen` (`loginCitoyen`, `mdpCitoyen`, `nom`, `prenom`, `adresse`, `tel`, `situation`, `permis`) VALUES ('emmanuel.macron@hotmail.com', 'ViveLaFinance', 'MACRON', 'Emmanuel', 'Palais de l''Eysée', '01777777', '5', '0');
INSERT INTO `citoyen` (`loginCitoyen`, `mdpCitoyen`, `nom`, `prenom`,`adresse`, `tel`, `situation`, `permis`) VALUES ('maybe.someone@gmail.com', 'nobobyseeme', 'someone', 'maybe2', '3 Place de l''église', '01000001', '6', '0');
INSERT INTO `citoyen` (`loginCitoyen`, `mdpCitoyen`, `nom`, `prenom`, `adresse`, `tel`, `situation`, `permis`) VALUES ('gilbert-jaune@yolo.fr', 'FautToutBloquer', 'Jaune', 'Gilbert', '8 rue de la Bastille', '01010101', '3', '1');
INSERT INTO `citoyen` (`loginCitoyen`, `mdpCitoyen`, `nom`, `prenom`, `adresse`, `tel`, `situation`, `permis`) VALUES ('jean-michel.toutlemonde@outlook.com', 'Normalman', 'ToutLeMonde', 'Jean-Michel', '14 rue de classique', '0155748778', '5', '1');
INSERT INTO `citoyen` (`loginCitoyen`, `mdpCitoyen`, `nom`, `prenom`, `adresse`, `tel`, `situation`, `permis`) VALUES ('bulle-supernana@yolo.com', 'BluePower', 'SuperNana', 'Bulle', '11 rue des fées', '0654456677', '2', '0');
INSERT INTO `citoyen` (`loginCitoyen`, `mdpCitoyen`, `nom`, `prenom`, `adresse`, `tel`, `situation`, `permis`) VALUES ('belle-supernana@yolo.com', 'RedPower', 'SuperNana', 'Belle', '11 rue des fées', '0654456678', '2', '0');
INSERT INTO `citoyen` (`loginCitoyen`, `mdpCitoyen`, `nom`, `prenom`, `adresse`, `tel`, `situation`, `permis`) VALUES ('lea.doucet@ygmail.com', 'GreenPower', 'Doucet', 'Léa', '1 rue des freres Chausson', '0654456679', '1', '0');
INSERT INTO `citoyen` (`loginCitoyen`, `mdpCitoyen`, `nom`, `prenom`, `adresse`, `tel`, `situation`, `permis`) VALUES ('harry.potter@tutanota.com', 'Survivant', 'Potter', 'Harry', '11 rue des fées', '0688669966', '1', '0');
INSERT INTO `citoyen` (`loginCitoyen`, `mdpCitoyen`, `nom`, `prenom`, `adresse`, `tel`, `situation`, `permis`) VALUES ('numeroneninja@gmail.com', 'FuturHokage', 'Uzumaki-Namikaze', 'Naruto', '4 boulevard de Konoha', '0233223322', '5', '0');
INSERT INTO `citoyen` (`loginCitoyen`, `mdpCitoyen`, `nom`, `prenom`, `adresse`, `tel`, `situation`, `permis`) VALUES ('aliceinwonderland@wanadoo.com', 'dreamland', 'wonder', 'Alice', '4 avenue des champs Elysee', '0133443322', '2', '0');
INSERT INTO `citoyen` (`loginCitoyen`, `mdpCitoyen`, `nom`, `prenom`, `adresse`, `tel`, `situation`, `permis`) VALUES ('claude.dupond@gmail.com', 'NomoreIdea', 'Dupond', 'Claude', '89 rue de lEglise', '0126622661', '7', '1');
INSERT INTO `citoyen` (`loginCitoyen`, `mdpCitoyen`, `nom`, `prenom`, `adresse`, `tel`, `situation`, `permis`) VALUES ('charles-maurice.talleyrand@gmail.com', 'Excessif=Insignifiant', 'Talleyrant', 'Charles-Maurice', '7 Place de la Loi', '0127722771', '8', '1');
INSERT INTO `citoyen` (`loginCitoyen`, `mdpCitoyen`, `nom`, `prenom`, `adresse`, `tel`, `situation`, `permis`) VALUES ('francoise.aubigne@gmail.com', 'Devote', 'dAubigné-De Maintenon', 'Francoise', 'Chateau de Versaille', '0128822881', '4', '0');
INSERT INTO `citoyen` (`loginCitoyen`, `mdpCitoyen`, `nom`, `prenom`, `adresse`, `tel`, `situation`, `permis`) VALUES ('laurence.chevalaire@hotmail.com', 'password', 'Chevallaire', 'Laurence', '8 rue de la Concorde', '0129922991', '1', '1');
INSERT INTO `citoyen` (`loginCitoyen`, `mdpCitoyen`, `nom`, `prenom`, `adresse`, `tel`, `situation`, `permis`) VALUES ('mariianne_defrance@gmail.com', 'password', 'De France', 'Marianne', '2 Avenue de la Bastille', '0153355331', '8', '0');
INSERT INTO `citoyen` (`loginCitoyen`, `mdpCitoyen`, `nom`, `prenom`, `adresse`, `tel`, `situation`, `permis`) VALUES ('alexandre.marquis@gmail.com', 'password', 'Marquis', 'Alexandre', 'Chemin des Reniers', '0128328381', '1', '1');
INSERT INTO `citoyen` (`loginCitoyen`, `mdpCitoyen`, `nom`, `prenom`, `adresse`, `tel`, `situation`, `permis`) VALUES ('alexandre.Lopez@gmail.com', 'password', 'Lopez', 'Alexandre', '5 rue de Venise', '0129329391', '1', '1');

-- Compétence
INSERT INTO `competance` (`idCompetance`, `nom`, `description`, `loginCitoyen`) VALUES ('0001', 'Management', 'Gestion dune armée, dun pays, dun empire', 'premierempire@jesuislemeilleur.fr');
INSERT INTO `competance` (`idCompetance`, `nom`, `description`, `loginCitoyen`) VALUES ('0002', 'Manifester', 'Se plaindre - Foutre la merde - Faire les jolies pancarte - Chanter des slogan pourri', '006');
INSERT INTO `competance` (`idCompetance`, `nom`, `description`, `loginCitoyen`) VALUES ('0003', 'Leader', 'Admisnistrer, légiferer...', '001');
INSERT INTO `competance` (`idCompetance`, `nom`, `description`, `loginCitoyen`) VALUES ('0004', 'Clonage', 'Kage Bushin no jutsu', 'numeroneninja@gmail.com');
INSERT INTO `competance` (`idCompetance`, `nom`, `description`, `loginCitoyen`) VALUES ('0005', 'Leader', 'Admisnistrer, légiferer...', '004');
INSERT INTO `competance` (`idCompetance`, `nom`, `description`, `loginCitoyen`) VALUES ('0006', 'Leader', 'Admisnistrer, légiferer...', '002');
INSERT INTO `competance` (`idCompetance`, `nom`, `description`, `loginCitoyen`) VALUES ('0007', 'Gestion', 'Admisnistrer, réguler...', '002');

-- Dispo citoyen
INSERT INTO `disponibilitecitoyen` (`recursif`, `tranche`, `dateDispo`, `loginCitoyen`) VALUES ('1', 'après-midi', '2019-02-05', 'charleslegrand@carolingiens.fr');
INSERT INTO `disponibilitecitoyen` (`recursif`, `tranche`, `dateDispo`, `loginCitoyen`) VALUES ('0', 'matin', '2019-02-02', 'charleslegrand@carolingiens.fr');
INSERT INTO `disponibilitecitoyen` (`recursif`, `tranche`, `dateDispo`, `loginCitoyen`) VALUES ('1', 'après-midi', '2019-02-03', 'premierempire@jesuislemeilleur.fr');
INSERT INTO `disponibilitecitoyen` (`recursif`, `tranche`, `dateDispo`, `loginCitoyen`) VALUES ('1', 'après-midi', '2019-02-09', 'someone@gmail.fr');
INSERT INTO `disponibilitecitoyen` (`recursif`, `tranche`, `dateDispo`, `loginCitoyen`) VALUES ('0', 'après-midi', '2019-02-19', 'emmanuel.macron@hotmail.com');
INSERT INTO `disponibilitecitoyen` (`recursif`, `tranche`, `dateDispo`, `loginCitoyen`) VALUES ('1', 'matin', '2019-01-30', 'maybe.someone@gmail.com');
INSERT INTO `disponibilitecitoyen` (`recursif`, `tranche`, `dateDispo`, `loginCitoyen`) VALUES ('1', 'matin', '2019-01-01', 'gilbert-jaune@yolo.fr');
INSERT INTO `disponibilitecitoyen` (`recursif`, `tranche`, `dateDispo`, `loginCitoyen`) VALUES ('1', 'après-midi', '2019-03-01', 'jean-michel.toutlemonde@outlook.com');
INSERT INTO `disponibilitecitoyen` (`recursif`, `tranche`, `dateDispo`, `loginCitoyen`) VALUES ('0', 'après-midi', '2019-02-25', 'bulle-supernana@yolo.com');
INSERT INTO `disponibilitecitoyen` (`recursif`, `tranche`, `dateDispo`, `loginCitoyen`) VALUES ('0', 'matin', '2019-01-30', 'belle-supernana@yolo.com');
INSERT INTO `disponibilitecitoyen` (`recursif`, `tranche`, `dateDispo`, `loginCitoyen`) VALUES ('0', 'matin', '2019-02-01','harry.potter@tutanota.com');
INSERT INTO `disponibilitecitoyen` (`recursif`, `tranche`, `dateDispo`, `loginCitoyen`) VALUES ('0', 'soir', '2019-02-04', 'harry.potter@tutanota.com');
INSERT INTO `disponibilitecitoyen` (`recursif`, `tranche`, `dateDispo`, `loginCitoyen`) VALUES ('0', 'matin', '2019-03-12', 'numeroneninja@gmail.com');
INSERT INTO `disponibilitecitoyen` (`recursif`, `tranche`, `dateDispo`, `loginCitoyen`) VALUES ('0', 'après-midi', '2019-03-12', 'numeroneninja@gmail.com');
INSERT INTO `disponibilitecitoyen` (`recursif`, `tranche`, `dateDispo`, `loginCitoyen`) VALUES ('0', 'après-midi', '2019-02-18', 'aliceinwonderland@wanadoo.com');
INSERT INTO `disponibilitecitoyen` (`recursif`, `tranche`, `dateDispo`, `loginCitoyen`) VALUES ('0', 'après-midi', '2019-03-30', 'claude.dupond@gmail.com');

-- Domaine d'intervention
INSERT INTO `domaineintervention` (`idDomaine`, `nom`, `loginCitoyen`) VALUES ('01', 'Enseignement', '0001');
INSERT INTO `domaineintervention` (`idDomaine`, `nom`, `loginCitoyen`) VALUES ('02', 'Enseignement', 'belle-supernana@yolo.com');
INSERT INTO `domaineintervention` (`idDomaine`, `nom`, `loginCitoyen`) VALUES ('03', 'Enseignement', 'maybe.someone@gmail.com');
INSERT INTO `domaineintervention` (`idDomaine`, `nom`, `loginCitoyen`) VALUES ('04', 'Manutention', 'gilbert-jaune@yolo.fr');
INSERT INTO `domaineintervention` (`idDomaine`, `nom`, `loginCitoyen`) VALUES ('05', 'Manutention', 'jean-michel.toutlemonde@outlook.com');
INSERT INTO `domaineintervention` (`idDomaine`, `nom`, `loginCitoyen`) VALUES ('06', 'Manutention', 'harry.potter@tutanota.com');
INSERT INTO `domaineintervention` (`idDomaine`, `nom`, `loginCitoyen`) VALUES ('07', 'domaine d intervention', 'harry.potter@tutanota.com');

-- Mission 
INSERT INTO `mission` (`idMission`, `recursive`, `nbPersAtteindre`, `description`, `lieu`, `statut`, `loginAsso`) VALUES ('0001', '1', '2', 'Soutien scolaire', 'Collège Voltaire', 'en cours', '005');
INSERT INTO `mission` (`idMission`, `recursive`, `nbPersAtteindre`, `description`, `lieu`, `statut`, `loginAsso`) VALUES ('0002', '0', '1', 'Soutien scolaire', 'Lycée Renoir', 'en cours', '005');
INSERT INTO `mission` (`idMission`, `recursive`, `nbPersAtteindre`, `description`, `lieu`, `statut`, `loginAsso`) VALUES ('0003', '1', '10', 'Ramassage d''ordure', 'Quai de Scene', 'en cours', '002');
INSERT INTO `mission` (`idMission`, `recursive`, `nbPersAtteindre`, `description`, `lieu`, `statut`, `loginAsso`) VALUES ('0004', '0', '1', 'J''ai plus d''idée', 'ECE Paris', 'en cours', '006');
INSERT INTO `mission` (`idMission`, `recursive`, `nbPersAtteindre`, `description`, `lieu`, `statut`, `loginAsso`) VALUES ('0005', '1', '4', 'Collect de nourriture', 'Place au marché', 'en cours', '006');
INSERT INTO `mission` (`idMission`, `recursive`, `nbPersAtteindre`, `description`, `lieu`, `statut`, `loginAsso`) VALUES ('0006', '0', '3', 'Collect de vetement', 'Place de l''Eglise', 'en attente', '001');
INSERT INTO `mission` (`idMission`, `recursive`, `nbPersAtteindre`, `description`, `lieu`, `statut`, `loginAsso`) VALUES ('0007', '0', '3', 'Collect de nourriture', 'Place au marché', 'en attente', '001');
INSERT INTO `mission` (`idMission`, `recursive`, `nbPersAtteindre`, `description`, `lieu`, `statut`, `loginAsso`) VALUES ('0008', '0', '4', 'Marraude feat UPA-ECE', 'Quai de Grenelle', 'en attente', '006');
INSERT INTO `mission` (`idMission`, `recursive`, `nbPersAtteindre`, `description`, `lieu`, `statut`, `loginAsso`) VALUES ('0009', '0', '10', 'Distribution sandwitch', 'Maison de mémé Marie', 'en attente', '003');
INSERT INTO `mission` (`idMission`, `recursive`, `nbPersAtteindre`, `description`, `lieu`, `statut`, `loginAsso`) VALUES ('0010', '0', '1', 'Installation dune salle sieste à lECE', 'E3 à cote du local assos', 'en attente', '008');
INSERT INTO `mission` (`idMission`, `recursive`, `nbPersAtteindre`, `description`, `lieu`, `statut`, `loginAsso`) VALUES ('0011', '0', '5', 'Modele pour calendrier', 'Caserne de pompier', 'en attente', '008');
INSERT INTO `mission` (`idMission`, `recursive`, `nbPersAtteindre`, `description`, `lieu`, `statut`, `loginAsso`) VALUES ('0012', '0', '1', 'Trouver le One Piece', 'Raftel', 'en attente', '004');
INSERT INTO `mission` (`idMission`, `recursive`, `nbPersAtteindre`, `description`, `lieu`, `statut`, `loginAsso`) VALUES ('0013', '0', '3', 'Collecte de nourriture','Quelque part', 'en attente', '001');
INSERT INTO `mission` (`idMission`, `recursive`, `nbPersAtteindre`, `description`, `lieu`, `statut`, `loginAsso`) VALUES ('0014', '1', '7', 'Fabriquer un retourneur de temps', 'Poudlard', 'en attente', '005');
INSERT INTO `mission` (`idMission`, `recursive`, `nbPersAtteindre`, `description`, `lieu`, `statut`, `loginAsso`) VALUES ('0015', '1', '14', 'Soigner le cancer', 'American Hospital', 'en attente', '007');
INSERT INTO `mission` (`idMission`, `recursive`, `nbPersAtteindre`, `description`, `lieu`, `statut`, `loginAsso`) VALUES ('0016', '0', '1', 'Faire un vaccin contre le sida', 'Hopital militaire de Paris', 'en attente', '009');
INSERT INTO `mission` (`idMission`, `recursive`, `nbPersAtteindre`, `description`, `lieu`, `statut`, `loginAsso`) VALUES ('0017', '0', '1', 'No more idea', 'nowhere', 'en attente', '005');
INSERT INTO `mission` (`idMission`, `recursive`, `nbPersAtteindre`, `description`, `lieu`, `statut`, `loginAsso`) VALUES ('0018', '1', '1', 'Cultiver des champignons', 'Wonderland', 'en attente', '003');
INSERT INTO `mission` (`idMission`, `recursive`, `nbPersAtteindre`, `description`, `lieu`, `statut`, `loginAsso`) VALUES ('0019', '0', '1', 'Distribution gratuite de CAFE!!!!!!', 'ECE-Paris', 'en attente', '004');
INSERT INTO `mission` (`idMission`, `recursive`, `nbPersAtteindre`, `description`, `lieu`, `statut`, `loginAsso`) VALUES ('0020', '0', '1', 'Nothing', 'Nowhere', 'en attente', '004');
INSERT INTO `mission` (`idMission`, `recursive`, `nbPersAtteindre`, `description`, `lieu`, `statut`, `loginAsso`) VALUES ('0021', '0', '7', 'Don du sang', 'Hoptial Militaire', 'en attente', '007');
INSERT INTO `mission` (`idMission`, `recursive`, `nbPersAtteindre`, `description`, `lieu`, `statut`, `loginAsso`) VALUES ('0022', '0', '4', 'Soupe populaire', 'Place de la Mairie', 'en attente', '006');
INSERT INTO `mission` (`idMission`, `recursive`, `nbPersAtteindre`, `description`, `lieu`, `statut`, `loginAsso`) VALUES ('0023', '0', '4', 'Marraude feat UPA-ECE', 'Quai de Grenelle', 'en attente', '006');
INSERT INTO `mission` (`idMission`, `recursive`, `nbPersAtteindre`, `description`, `lieu`, `statut`, `loginAsso`) VALUES ('0024', '1', '4', 'Distribution préservatif', 'Partout', 'en attente', '009');
INSERT INTO `mission` (`idMission`, `recursive`, `nbPersAtteindre`, `description`, `lieu`, `statut`, `loginAsso`) VALUES ('0025', '1', '4', 'Prévention MST', 'Lycée Voltaire', 'en attente', '009');
INSERT INTO `mission` (`idMission`, `recursive`, `nbPersAtteindre`, `description`, `lieu`, `statut`, `loginAsso`) VALUES ('0026', '1', '2', 'Distribution Flyer', 'Place de la mairie', 'en attente', '009');
INSERT INTO `mission` (`idMission`, `recursive`, `nbPersAtteindre`, `description`, `lieu`, `statut`, `loginAsso`) VALUES ('0027', '1', '4', 'Quelle que chose', 'Nullepart', 'en attente', '001');
INSERT INTO `mission` (`idMission`, `recursive`, `nbPersAtteindre`, `description`, `lieu`, `statut`, `loginAsso`) VALUES ('0028', '1', '4', 'Dépollution', 'Quai de Seine', 'en attente', '008');
INSERT INTO `mission` (`idMission`, `recursive`, `nbPersAtteindre`, `description`, `lieu`, `statut`, `loginAsso`) VALUES ('0029', '0', '3', 'Collecte de nourriture','Monoprix', 'en attente', '001');
INSERT INTO `mission` (`idMission`, `recursive`, `nbPersAtteindre`, `description`, `lieu`, `statut`, `loginAsso`) VALUES ('0030', '0', '3', 'Distribution de nourriture','Soupe populaire', 'en attente', '001');
INSERT INTO `mission` (`idMission`, `recursive`, `nbPersAtteindre`, `description`, `lieu`, `statut`, `loginAsso`) VALUES ('0031', '0', '3', 'Distribution de produit dhygiène','Place de la Concorde', 'en attente', '009');
INSERT INTO `mission` (`idMission`, `recursive`, `nbPersAtteindre`, `description`, `lieu`, `statut`, `loginAsso`) VALUES ('0032', '0', '2', 'Distribution de vetement','Siège de l assos', 'en attente', '004');
INSERT INTO `mission` (`idMission`, `recursive`, `nbPersAtteindre`, `description`, `lieu`, `statut`, `loginAsso`) VALUES ('0033', '0', '1', 'Collecte de Fond','College Francoise Sagan', 'en attente', '003');
INSERT INTO `mission` (`idMission`, `recursive`, `nbPersAtteindre`, `description`, `lieu`, `statut`, `loginAsso`) VALUES ('0034', '0', '1', 'Collecte de Fond', 'Marche', 'en attente', '001');
INSERT INTO `mission` (`idMission`, `recursive`, `nbPersAtteindre`, `description`, `lieu`, `statut`, `loginAsso`) VALUES ('0035', '0', '1', 'Collecte de Fond','Quelque part', 'en attente', '009');

-- Date Mission
INSERT INTO `datemission` (`horraireDebut`, `horraireFin`, `dateMission`, `idMission`) VALUES ('15:30:00', '18:00:00', '2019-02-19', '0001');
INSERT INTO `datemission` (`horraireDebut`, `horraireFin`, `dateMission`, `idMission`) VALUES ('14:15:00', '16:15:00', '2019-02-10', '0001');
INSERT INTO `datemission` (`horraireDebut`, `horraireFin`, `dateMission`, `idMission`) VALUES ('10:30:00', '12:00:00', '2019-02-05', '0001');
INSERT INTO `datemission` (`horraireDebut`, `horraireFin`, `dateMission`, `idMission`) VALUES ('10:30:00', '14:00:00', '2019-03-12', '0002');
INSERT INTO `datemission` (`horraireDebut`, `horraireFin`, `dateMission`, `idMission`) VALUES ('15:30:00', '18:00:00', '2019-03-01', '0002');
INSERT INTO `datemission` (`horraireDebut`, `horraireFin`, `dateMission`, `idMission`) VALUES ('11:30:00', '13:00:00', '2019-02-14', '0002');
INSERT INTO `datemission` (`horraireDebut`, `horraireFin`, `dateMission`, `idMission`) VALUES ('15:30:00', '17:30:00', '2019-02-16', '0002');
INSERT INTO `datemission` (`horraireDebut`, `horraireFin`, `dateMission`, `idMission`) VALUES ('12:30:00', '15:00:00', '2019-03-22', '0002');
INSERT INTO `datemission` (`horraireDebut`, `horraireFin`, `dateMission`, `idMission`) VALUES ('10:30:00', '15:00:00', '2019-03-30', '0003');
INSERT INTO `datemission` (`horraireDebut`, `horraireFin`, `dateMission`, `idMission`) VALUES ('12:30:00', '15:00:00', '2019-03-05', '0003');
INSERT INTO `datemission` (`horraireDebut`, `horraireFin`, `dateMission`, `idMission`) VALUES ('15:30:00', '17:30:00', '2019-04-04', '0003');
INSERT INTO `datemission` (`horraireDebut`, `horraireFin`, `dateMission`, `idMission`) VALUES ('12:30:00', '15:00:00', '2019-02-22', '0003');
INSERT INTO `datemission` (`horraireDebut`, `horraireFin`, `dateMission`, `idMission`) VALUES ('15:30:00', '17:30:00', '2019-02-24', '0004');
INSERT INTO `datemission` (`horraireDebut`, `horraireFin`, `dateMission`, `idMission`) VALUES ('14:30:00', '17:00:00', '2019-02-25', '0004');
INSERT INTO `datemission` (`horraireDebut`, `horraireFin`, `dateMission`, `idMission`) VALUES ('11:00:00', '12:00:00', '2019-01-30', '0005');
INSERT INTO `datemission` (`horraireDebut`, `horraireFin`, `dateMission`, `idMission`) VALUES ('14:15:00', '16:15:00', '2019-02-10', '0005');
INSERT INTO `datemission` (`horraireDebut`, `horraireFin`, `dateMission`, `idMission`) VALUES ('10:30:00', '12:00:00', '2019-02-05', '0005');
INSERT INTO `datemission` (`horraireDebut`, `horraireFin`, `dateMission`, `idMission`) VALUES ('10:30:00', '14:00:00', '2019-03-12', '0006');
INSERT INTO `datemission` (`horraireDebut`, `horraireFin`, `dateMission`, `idMission`) VALUES ('08:30:00', '10:00:00', '2019-02-01', '0006');
INSERT INTO `datemission` (`horraireDebut`, `horraireFin`, `dateMission`, `idMission`) VALUES ('14:15:00', '16:15:00', '2019-02-09', '0007');
INSERT INTO `datemission` (`horraireDebut`, `horraireFin`, `dateMission`, `idMission`) VALUES ('14:15:00', '16:15:00', '2019-02-10', '0007');
INSERT INTO `datemission` (`horraireDebut`, `horraireFin`, `dateMission`, `idMission`) VALUES ('10:30:00', '12:00:00', '2019-02-05', '0008');
INSERT INTO `datemission` (`horraireDebut`, `horraireFin`, `dateMission`, `idMission`) VALUES ('10:30:00', '14:00:00', '2019-03-12', '0008');
INSERT INTO `datemission` (`horraireDebut`, `horraireFin`, `dateMission`, `idMission`) VALUES ('09:30:00', '12:00:00', '2019-02-06', '0008');
INSERT INTO `datemission` (`horraireDebut`, `horraireFin`, `dateMission`, `idMission`) VALUES ('18:00:00', '19:30:00', '2019-02-04', '0009');
INSERT INTO `datemission` (`horraireDebut`, `horraireFin`, `dateMission`, `idMission`) VALUES ('14:15:00', '16:15:00', '2019-02-10', '0009');
INSERT INTO `datemission` (`horraireDebut`, `horraireFin`, `dateMission`, `idMission`) VALUES ('14:15:00', '16:15:00', '2019-02-10', '0010');
INSERT INTO `datemission` (`horraireDebut`, `horraireFin`, `dateMission`, `idMission`) VALUES ('14:15:00', '16:15:00', '2019-02-11', '0010');
INSERT INTO `datemission` (`horraireDebut`, `horraireFin`, `dateMission`, `idMission`) VALUES ('14:15:00', '16:15:00', '2019-02-12', '0010');
INSERT INTO `datemission` (`horraireDebut`, `horraireFin`, `dateMission`, `idMission`) VALUES ('10:30:00', '12:00:00', '2019-02-05', '0011');
INSERT INTO `datemission` (`horraireDebut`, `horraireFin`, `dateMission`, `idMission`) VALUES ('15:30:00', '17:30:00', '2019-02-18', '0011');
INSERT INTO `datemission` (`horraireDebut`, `horraireFin`, `dateMission`, `idMission`) VALUES ('11:30:00', '13:00:00', '2019-02-14', '0012');
INSERT INTO `datemission` (`horraireDebut`, `horraireFin`, `dateMission`, `idMission`) VALUES ('15:30:00', '17:30:00', '2019-02-16', '0012');
INSERT INTO `datemission` (`horraireDebut`, `horraireFin`, `dateMission`, `idMission`) VALUES ('10:30:00', '14:00:00', '2019-03-12', '0012');
INSERT INTO `datemission` (`horraireDebut`, `horraireFin`, `dateMission`, `idMission`) VALUES ('14:30:00', '17:00:00', '2019-03-30', '0013');
INSERT INTO `datemission` (`horraireDebut`, `horraireFin`, `dateMission`, `idMission`) VALUES ('08:00:00', '11:30:00', '2019-03-10', '0014');
INSERT INTO `datemission` (`horraireDebut`, `horraireFin`, `dateMission`, `idMission`) VALUES ('16:30:00', '19:00:00', '2019-02-28', '0015');
INSERT INTO `datemission` (`horraireDebut`, `horraireFin`, `dateMission`, `idMission`) VALUES ('15:30:00', '17:30:00', '2019-03-18', '0016');
INSERT INTO `datemission` (`horraireDebut`, `horraireFin`, `dateMission`, `idMission`) VALUES ('11:30:00', '13:00:00', '2019-03-14', '0016');
INSERT INTO `datemission` (`horraireDebut`, `horraireFin`, `dateMission`, `idMission`) VALUES ('15:30:00', '17:30:00', '2019-03-16', '0016');
INSERT INTO `datemission` (`horraireDebut`, `horraireFin`, `dateMission`, `idMission`) VALUES ('12:30:00', '15:00:00', '2019-03-05', '0016');
INSERT INTO `datemission` (`horraireDebut`, `horraireFin`, `dateMission`, `idMission`) VALUES ('15:30:00', '17:30:00', '2019-04-04', '0017');
INSERT INTO `datemission` (`horraireDebut`, `horraireFin`, `dateMission`, `idMission`) VALUES ('12:30:00', '15:00:00', '2019-02-22', '0018');
INSERT INTO `datemission` (`horraireDebut`, `horraireFin`, `dateMission`, `idMission`) VALUES ('15:30:00', '17:30:00', '2019-04-18', '0018');
INSERT INTO `datemission` (`horraireDebut`, `horraireFin`, `dateMission`, `idMission`) VALUES ('11:30:00', '13:00:00', '2019-04-14', '0018');
INSERT INTO `datemission` (`horraireDebut`, `horraireFin`, `dateMission`, `idMission`) VALUES ('15:30:00', '17:30:00', '2019-04-16', '0018');
INSERT INTO `datemission` (`horraireDebut`, `horraireFin`, `dateMission`, `idMission`) VALUES ('15:30:00', '17:30:00', '2019-04-24', '0019');
INSERT INTO `datemission` (`horraireDebut`, `horraireFin`, `dateMission`, `idMission`) VALUES ('14:30:00', '15:18:00', '2019-02-18', '0020');
INSERT INTO `datemission` (`horraireDebut`, `horraireFin`, `dateMission`, `idMission`) VALUES ('15:30:00', '17:30:00', '2019-02-18', '0021');
INSERT INTO `datemission` (`horraireDebut`, `horraireFin`, `dateMission`, `idMission`) VALUES ('11:30:00', '13:00:00', '2019-02-14', '0022');
INSERT INTO `datemission` (`horraireDebut`, `horraireFin`, `dateMission`, `idMission`) VALUES ('15:30:00', '17:30:00', '2019-02-16', '0023');
INSERT INTO `datemission` (`horraireDebut`, `horraireFin`, `dateMission`, `idMission`) VALUES ('12:30:00', '15:00:00', '2019-03-22', '0024');
INSERT INTO `datemission` (`horraireDebut`, `horraireFin`, `dateMission`, `idMission`) VALUES ('15:30:00', '17:30:00', '2019-02-29', '0025');
INSERT INTO `datemission` (`horraireDebut`, `horraireFin`, `dateMission`, `idMission`) VALUES ('12:30:00', '15:00:00', '2019-03-12', '0026');
INSERT INTO `datemission` (`horraireDebut`, `horraireFin`, `dateMission`, `idMission`) VALUES ('15:30:00', '17:30:00', '2019-04-14', '0027');
INSERT INTO `datemission` (`horraireDebut`, `horraireFin`, `dateMission`, `idMission`) VALUES ('12:30:00', '15:00:00', '2019-05-02', '0028');
INSERT INTO `datemission` (`horraireDebut`, `horraireFin`, `dateMission`, `idMission`) VALUES ('15:30:00', '17:30:00', '2019-05-04', '0029');
INSERT INTO `datemission` (`horraireDebut`, `horraireFin`, `dateMission`, `idMission`) VALUES ('09:30:00', '11:30:00', '2019-05-03', '0030');
INSERT INTO `datemission` (`horraireDebut`, `horraireFin`, `dateMission`, `idMission`) VALUES ('15:30:00', '18:00:00', '2019-04-30', '0031');
INSERT INTO `datemission` (`horraireDebut`, `horraireFin`, `dateMission`, `idMission`) VALUES ('15:30:00', '18:00:00', '2019-04-18', '0032');
INSERT INTO `datemission` (`horraireDebut`, `horraireFin`, `dateMission`, `idMission`) VALUES ('10:30:00', '15:00:00', '2019-04-30', '0033');
INSERT INTO `datemission` (`horraireDebut`, `horraireFin`, `dateMission`, `idMission`) VALUES ('14:30:00', '17:00:00', '2019-04-30', '0034');
INSERT INTO `datemission` (`horraireDebut`, `horraireFin`, `dateMission`, `idMission`) VALUES ('11:00:00', '12:00:00', '2019-04-30', '0035');

-- Lien mission & citoyen
INSERT INTO `linkmissioncitoyen` (`idMission`, `loginCitoyen`) VALUES ('0001', 'charleslegrand@carolingiens.fr');
INSERT INTO `linkmissioncitoyen` (`idMission`, `loginCitoyen`) VALUES ('0009', 'charleslegrand@carolingiens.fr');
INSERT INTO `linkmissioncitoyen` (`idMission`, `loginCitoyen`) VALUES ('0010', 'premierempire@jesuislemeilleur.fr');
INSERT INTO `linkmissioncitoyen` (`idMission`, `loginCitoyen`) VALUES ('0019', 'premierempire@jesuislemeilleur.fr');
INSERT INTO `linkmissioncitoyen` (`idMission`, `loginCitoyen`) VALUES ('0007', 'someone@gmail.fr');
INSERT INTO `linkmissioncitoyen` (`idMission`, `loginCitoyen`) VALUES ('0023', 'someone@gmail.fr');
INSERT INTO `linkmissioncitoyen` (`idMission`, `loginCitoyen`) VALUES ('0003', 'someone@gmail.fr');
INSERT INTO `linkmissioncitoyen` (`idMission`, `loginCitoyen`) VALUES ('0010', 'emmanuel.macron@hotmail.com');
INSERT INTO `linkmissioncitoyen` (`idMission`, `loginCitoyen`) VALUES ('0001', 'maybe.someone@gmail.com');
INSERT INTO `linkmissioncitoyen` (`idMission`, `loginCitoyen`) VALUES ('0010', 'maybe.someone@gmail.com');
INSERT INTO `linkmissioncitoyen` (`idMission`, `loginCitoyen`) VALUES ('0008', 'gilbert-jaune@yolo.fr');
INSERT INTO `linkmissioncitoyen` (`idMission`, `loginCitoyen`) VALUES ('0011', 'gilbert-jaune@yolo.fr');
INSERT INTO `linkmissioncitoyen` (`idMission`, `loginCitoyen`) VALUES ('0002', 'jean-michel.toutlemonde@outlook.com');
INSERT INTO `linkmissioncitoyen` (`idMission`, `loginCitoyen`) VALUES ('0024', 'jean-michel.toutlemonde@outlook.com');
INSERT INTO `linkmissioncitoyen` (`idMission`, `loginCitoyen`) VALUES ('0004', 'bulle-supernana@yolo.com');
INSERT INTO `linkmissioncitoyen` (`idMission`, `loginCitoyen`) VALUES ('0005', 'belle-supernana@yolo.com');
INSERT INTO `linkmissioncitoyen` (`idMission`, `loginCitoyen`) VALUES ('0006', 'lea.doucet@ygmail.com');
INSERT INTO `linkmissioncitoyen` (`idMission`, `loginCitoyen`) VALUES ('0009', 'harry.potter@tutanota.com');
INSERT INTO `linkmissioncitoyen` (`idMission`, `loginCitoyen`) VALUES ('0012', 'numeroneninja@gmail.com');
INSERT INTO `linkmissioncitoyen` (`idMission`, `loginCitoyen`) VALUES ('0020', 'aliceinwonderland@wanadoo.com');
INSERT INTO `linkmissioncitoyen` (`idMission`, `loginCitoyen`) VALUES ('0013', 'claude.dupond@gmail.com');

-- DOWN
DELETE FROM `linkmissioncitoyen`;
DELETE FROM `domaineintervention`;
DELETE FROM `document`;
DELETE FROM `datemission`;
DELETE FROM `competance`;
DELETE FROM `mission`;
DELETE FROM `disponibilitecitoyen`;
DELETE FROM `citoyen`;
DELETE FROM `association`;
